,storypoints,businessvalue_normalized
83888,1.0,0.00011086474501108647
84023,1.0,0.00011086474501108647
85441,1.0,0.00011086474501108647
85576,1.0,0.00011086474501108647
85874,5.0,0.0007390983000739098
86994,1.0,0.00011086474501108647
87129,1.0,0.00011086474501108647
87822,2.0,0.00022172949002217295
88547,1.0,0.00011086474501108647
88682,1.0,0.00011086474501108647
